start,end,speaker_id
0.04999999999999999,14.3,Speaker_3
14.3,15.05,Speaker_608
15.05,16.55,Speaker_934
16.55,17.3,Speaker_615
17.3,18.8,Speaker_875
18.8,19.55,Speaker_606
19.55,25.55,Speaker_776
25.55,27.8,Speaker_689
27.8,28.275,Speaker_889
28.275,33.525,Speaker_19
37.0,38.5,Speaker_531
38.5,39.25,Speaker_529
39.25,40.0,Speaker_619
56.625,71.67,Speaker_916
84.0,106.5,Speaker_14
106.5,108.75,Speaker_512
108.75,109.5,Speaker_777
109.5,111.75,Speaker_8
111.75,113.75,Speaker_9
113.75,114.125,Speaker_986
114.25,115.0,Speaker_764
115.0,115.75,Speaker_499
115.75,117.25,Speaker_946
117.25,118.0,Speaker_796
118.0,120.25,Speaker_987
120.25,121.75,Speaker_593
121.75,122.5,Speaker_613
122.5,124.0,Speaker_940
124.0,124.75,Speaker_978
124.75,126.25,Speaker_936
126.25,130.0,Speaker_567
130.0,132.25,Speaker_798
132.25,133.0,Speaker_983
133.0,133.75,Speaker_687
133.75,135.25,Speaker_762
135.25,136.75,Speaker_930
136.75,140.625,Speaker_747
140.625,141.375,Speaker_774
141.375,143.0,Speaker_5
143.0,143.75,Speaker_990
143.75,144.5,Speaker_865
144.5,146.0,Speaker_644
163.25,164.0,Speaker_820
164.0,164.75,Speaker_770
164.75,166.25,Speaker_638
166.25,169.04500000000002,Speaker_910
178.5,180.0,Speaker_860
180.0,182.25,Speaker_931
182.25,183.0,Speaker_681
183.0,187.5,Speaker_988
187.5,189.0,Speaker_578
189.0,194.25,Speaker_649
194.25,195.75,Speaker_629
195.75,196.625,Speaker_642
196.625,197.375,Speaker_780
197.375,198.125,Speaker_4
198.25,199.75,Speaker_564
199.75,201.25,Speaker_674
201.25,202.75,Speaker_691
202.75,203.5,Speaker_953
203.5,205.0,Speaker_734
205.0,205.75,Speaker_838
215.5,217.0,Speaker_706
217.0,224.625,Speaker_840
224.625,227.25,Speaker_902
229.25,236.0,Speaker_541
236.0,237.5,Speaker_532
237.5,239.0,Speaker_618
239.0,239.75,Speaker_547
239.75,240.5,Speaker_604
240.5,242.75,Speaker_878
242.75,245.0,Speaker_924
245.0,245.75,Speaker_810
245.75,247.25,Speaker_636
247.25,251.75,Speaker_854
251.75,252.265,Speaker_590
252.265,253.765,Speaker_30
253.765,254.14,Speaker_630
254.28,255.03,Speaker_781
255.03,255.78,Speaker_634
255.78,256.38,Speaker_582
258.76,260.76,Speaker_868
264.02,269.27,Speaker_908
269.27,270.77,Speaker_508
270.77,274.72,Speaker_891
274.72,274.99,Speaker_768
275.76,280.505,Speaker_723
280.505,281.255,Speaker_845
281.255,281.78,Speaker_976
281.78,282.25,Speaker_895
282.25,292.0,Speaker_628
292.0,292.75,Speaker_788
301.75,302.5,Speaker_876
302.5,304.0,Speaker_739
304.0,308.625,Speaker_893
308.625,312.375,Speaker_965
315.5,316.25,Speaker_885
316.25,318.5,Speaker_685
318.5,321.5,Speaker_524
321.5,323.0,Speaker_855
323.0,325.25,Speaker_903
325.25,326.0,Speaker_516
334.25,335.0,Speaker_730
335.0,336.275,Speaker_802
336.275,337.4,Speaker_833
337.4,338.0,Speaker_991
338.0,338.09000000000003,Speaker_565
338.3,339.72,Speaker_890
340.68,342.93,Speaker_921
342.93,343.68,Speaker_515
343.68,344.43,Speaker_911
344.43,345.93,Speaker_733
345.93,346.68,Speaker_941
346.68,352.68,Speaker_752
352.68,353.43,Speaker_714
353.43,355.68,Speaker_975
363.93,364.71500000000003,Speaker_982
364.71500000000003,365.46500000000003,Speaker_952
365.46500000000003,367.75,Speaker_24
367.75,369.25,Speaker_605
369.25,370.75,Speaker_800
370.75,371.5,Speaker_740
371.5,374.5,Speaker_794
374.5,375.25,Speaker_546
375.25,376.0,Speaker_847
376.0,390.25,Speaker_667
390.25,392.25,Speaker_867
392.25,393.0,Speaker_621
393.0,393.69,Speaker_935
393.69,395.0,Speaker_631
395.0,395.75,Speaker_583
407.0,408.09,Speaker_612
408.68,410.18,Speaker_662
421.045,449.045,Speaker_758
449.045,455.5,Speaker_919
455.5,456.25,Speaker_726
468.33,469.68,Speaker_554
474.45,475.95,Speaker_576
475.95,477.07,Speaker_48
477.07,477.44,Speaker_584
479.19,481.44,Speaker_892
481.44,482.94,Speaker_656
482.94,485.19,Speaker_707
485.19,486.69,Speaker_972
486.69,487.44,Speaker_960
533.04,536.5,Speaker_950
536.5,536.69,Speaker_870
537.2,540.95,Speaker_660
541.59,543.84,Speaker_849
544.44,545.94,Speaker_856
545.94,547.44,Speaker_388
547.44,548.19,Speaker_750
548.19,549.76,Speaker_773
550.35,551.85,Speaker_718
551.85,554.68,Speaker_829
556.98,561.0450000000001,Speaker_7
561.0450000000001,562.79,Speaker_926
564.62,565.61,Speaker_857
567.0,568.02,Speaker_981
568.54,570.04,Speaker_696
570.04,587.29,Speaker_603
587.29,587.59,Speaker_658
588.3,589.8,Speaker_41
589.8,589.93,Speaker_828
589.93,595.0,Speaker_661
597.31,598.81,Speaker_819
598.81,599.56,Speaker_848
599.56,615.64,Speaker_815
615.64,616.9449999999999,Speaker_954
616.9449999999999,631.95,Speaker_735
644.0,646.25,Speaker_635
646.25,646.65,Speaker_760
648.98,654.61,Speaker_7
665.57,667.07,Speaker_789
667.07,667.82,Speaker_528
667.82,668.57,Speaker_540
668.57,673.03,Speaker_717
700.47,700.94,Speaker_526
701.59,702.82,Speaker_617
703.49,704.99,Speaker_703
704.99,707.24,Speaker_744
707.24,710.24,Speaker_507
710.24,710.99,Speaker_542
710.99,717.77,Speaker_728
728.825,729.5,Speaker_648
729.5,729.65,Speaker_900
731.0,737.75,Speaker_969
737.75,740.0,Speaker_513
740.0,740.75,Speaker_743
740.75,742.25,Speaker_537
742.25,743.0,Speaker_797
743.0,744.5,Speaker_719
744.5,745.25,Speaker_622
745.25,746.0,Speaker_932
746.0,746.75,Speaker_741
746.75,749.2,Speaker_601
750.32,751.82,Speaker_586
751.82,757.0350000000001,Speaker_915
757.0350000000001,758.11,Speaker_861
763.59,767.34,Speaker_863
767.34,768.09,Speaker_851
768.09,769.48,Speaker_626
771.57,773.82,Speaker_640
773.82,774.57,Speaker_533
774.57,775.32,Speaker_966
775.32,776.82,Speaker_886
776.82,781.32,Speaker_801
781.32,783.57,Speaker_880
783.57,785.015,Speaker_984
785.015,812.89,Speaker_679
812.89,816.57,Speaker_928
816.57,817.05,Speaker_518
817.99,820.24,Speaker_824
820.24,820.31,Speaker_577
821.29,822.79,Speaker_763
822.79,823.54,Speaker_627
823.54,824.29,Speaker_922
824.29,825.04,Speaker_887
825.04,826.53,Speaker_702
827.23,829.97,Speaker_543
830.66,831.89,Speaker_729
840.95,843.72,Speaker_964
846.26,847.76,Speaker_708
847.76,848.25,Speaker_782
858.41,860.56,Speaker_598
863.22,864.72,Speaker_736
864.72,865.47,Speaker_811
865.47,869.04,Speaker_822
869.04,875.57,Speaker_539
878.73,883.43,Speaker_804
897.04,899.0,Speaker_874
899.0,899.12,Speaker_580
899.84,909.59,Speaker_451
909.59,911.09,Speaker_948
911.09,911.84,Speaker_591
911.84,919.34,Speaker_837
919.34,920.09,Speaker_273
920.09,920.84,Speaker_834
920.84,920.97,Speaker_641
922.5,924.0,Speaker_712
924.0,924.75,Speaker_979
924.75,925.5,Speaker_616
925.5,925.7950000000001,Speaker_961
925.7950000000001,927.0,Speaker_881
927.0,931.5,Speaker_753
931.5,933.0,Speaker_588
933.0,933.75,Speaker_314
933.75,934.5,Speaker_898
934.5,935.25,Speaker_562
935.25,939.0,Speaker_844
939.0,939.75,Speaker_538
939.75,942.75,Speaker_659
942.75,943.5,Speaker_468
943.5,952.48,Speaker_812
952.48,961.05,Speaker_266
961.05,962.55,Speaker_927
962.55,963.3,Speaker_784
963.3,971.55,Speaker_654
971.55,972.3,Speaker_769
972.3,972.67,Speaker_422
974.5,980.25,Speaker_906
980.25,981.375,Speaker_390
981.375,981.6,Speaker_438
982.25,986.0,Speaker_548
986.0,989.75,Speaker_790
989.75,989.83,Speaker_592
990.35,996.35,Speaker_351
996.35,997.85,Speaker_506
997.85,999.35,Speaker_882
999.35,1000.85,Speaker_514
1000.85,1001.6,Speaker_816
1001.6,1006.03,Speaker_303
1007.23,1008.5,Speaker_989
1012.96,1014.46,Speaker_850
1014.46,1015.96,Speaker_647
1015.96,1016.71,Speaker_710
1016.71,1018.21,Speaker_363
1018.21,1019.71,Speaker_446
1019.71,1021.21,Speaker_589
1021.76,1025.51,Speaker_521
1025.51,1027.01,Speaker_503
1027.01,1029.26,Speaker_772
1029.26,1030.76,Speaker_944
1030.76,1031.51,Speaker_520
1031.51,1037.045,Speaker_759
1037.045,1065.045,Speaker_8
1065.045,1090.54,Speaker_771
1091.61,1092.58,Speaker_455
1092.58,1093.16,Speaker_701
1120.85,1144.17,Speaker_817
1144.17,1147.92,Speaker_385
1147.92,1148.35,Speaker_587
1149.61,1177.0349999999999,Speaker_913
1177.0349999999999,1205.02,Speaker_678
1218.71,1233.0149999999999,Speaker_830
1233.0149999999999,1238.67,Speaker_585
1240.12,1259.09,Speaker_695
1262.79,1264.29,Speaker_684
1264.29,1271.04,Speaker_296
1271.04,1271.79,Speaker_869
1271.79,1273.29,Speaker_288
1273.29,1274.04,Speaker_724
1274.04,1274.79,Speaker_698
1274.79,1277.04,Speaker_434
1277.04,1278.54,Speaker_904
1278.54,1279.34,Speaker_751
1280.64,1281.25,Speaker_985
1281.79,1283.29,Speaker_510
1283.29,1287.04,Speaker_778
1287.04,1287.79,Speaker_497
1287.79,1289.045,Speaker_963
1289.045,1291.0,Speaker_839
1291.0,1300.0,Speaker_428
1300.0,1300.75,Speaker_623
1300.75,1301.5,Speaker_725
1301.5,1303.75,Speaker_748
1303.75,1307.5,Speaker_440
1307.5,1308.25,Speaker_715
1308.25,1312.75,Speaker_581
1312.75,1313.5,Speaker_620
1313.5,1316.25,Speaker_858
1316.25,1317.0,Speaker_495
1317.0,1317.25,Speaker_494
1317.25,1317.795,Speaker_490
1317.795,1318.25,Speaker_302
1328.0,1329.5,Speaker_711
1329.5,1331.0,Speaker_362
1332.84,1337.34,Speaker_652
1337.34,1338.84,Speaker_929
1338.84,1340.34,Speaker_320
1340.34,1341.09,Speaker_920
1341.09,1342.59,Speaker_933
1342.59,1343.34,Speaker_566
1343.34,1344.045,Speaker_544
1344.045,1346.25,Speaker_20
1346.25,1347.0,Speaker_716
1347.0,1348.67,Speaker_884
1363.01,1363.71,Speaker_883
1365.33,1368.33,Speaker_907
1368.33,1369.08,Speaker_663
1369.08,1369.83,Speaker_545
1369.83,1371.33,Speaker_453
1371.33,1372.05,Speaker_556
1372.05,1373.6525000000001,Speaker_664
1373.6525000000001,1374.07,Speaker_823
1384.23,1386.07,Speaker_826
1388.73,1401.045,Speaker_942
1429.025,1430.25,Speaker_384
1430.25,1431.0,Speaker_310
1431.0,1431.75,Speaker_668
1431.75,1432.5,Speaker_841
1432.5,1435.5,Speaker_502
1435.5,1436.25,Speaker_803
1436.25,1437.75,Speaker_756
1437.75,1442.02,Speaker_917
1444.13,1446.38,Speaker_842
1446.38,1447.13,Speaker_535
1447.13,1447.88,Speaker_709
1447.88,1450.13,Speaker_745
1450.13,1452.38,Speaker_555
1452.38,1453.13,Speaker_536
1453.13,1453.88,Speaker_639
1453.88,1456.44,Speaker_530
1456.44,1457.795,Speaker_10
1457.795,1461.25,Speaker_914
1461.25,1462.75,Speaker_757
1462.75,1462.91,Speaker_732
1463.84,1476.59,Speaker_458
1476.59,1477.34,Speaker_956
1477.34,1485.045,Speaker_151
1485.045,1485.5,Speaker_821
1485.5,1487.75,Speaker_465
1487.75,1489.25,Speaker_432
1489.25,1502.75,Speaker_792
1502.75,1503.5,Speaker_398
1503.5,1505.75,Speaker_738
1505.75,1513.0,Speaker_896
1513.0,1514.875,Speaker_814
1515.75,1516.5,Speaker_482
1525.78,1526.53,Speaker_442
1526.53,1528.03,Speaker_441
1528.03,1528.78,Speaker_669
1528.78,1529.68,Speaker_614
1531.9,1532.95,Speaker_813
1535.92,1537.42,Speaker_373
1537.42,1538.17,Speaker_600
1538.17,1538.87,Speaker_705
1543.29,1545.54,Speaker_610
1545.54,1545.62,Speaker_977
1547.08,1549.47,Speaker_957
1551.19,1559.44,Speaker_311
1559.44,1562.44,Speaker_787
1562.44,1563.94,Speaker_375
1563.94,1564.07,Speaker_888
1565.25,1566.75,Speaker_569
1566.75,1568.25,Speaker_625
1568.25,1569.135,Speaker_427
1569.135,1570.5,Speaker_450
1579.5,1580.25,Speaker_894
1580.25,1585.5,Speaker_355
1585.5,1597.0549999999998,Speaker_731
1597.0549999999998,1625.045,Speaker_551
1625.045,1653.1100000000001,Speaker_785
1653.1100000000001,1656.63,Speaker_643
1656.63,1658.13,Speaker_505
1658.13,1658.88,Speaker_872
1658.88,1661.13,Speaker_859
1661.13,1661.88,Speaker_558
1661.88,1665.63,Speaker_372
1665.63,1667.13,Speaker_624
1667.13,1670.13,Speaker_400
1670.13,1671.63,Speaker_460
1671.63,1673.88,Speaker_487
1673.88,1674.63,Speaker_406
1674.63,1675.38,Speaker_430
1675.38,1676.13,Speaker_897
1676.13,1677.63,Speaker_827
1677.63,1678.38,Speaker_306
1678.38,1679.13,Speaker_871
1679.13,1680.315,Speaker_843
1680.315,1681.41,Speaker_431
1681.41,1682.08,Speaker_968
1682.25,1683.75,Speaker_699
1683.75,1688.25,Speaker_410
1688.25,1688.6,Speaker_958
1689.17,1691.42,Speaker_918
1691.42,1692.17,Speaker_386
1692.17,1693.67,Speaker_676
1704.92,1705.67,Speaker_749
1705.67,1708.335,Speaker_461
1708.335,1709.46,Speaker_60
1709.46,1709.78,Speaker_492
1709.78,1714.75,Speaker_493
1714.75,1715.5,Speaker_799
1715.5,1717.0,Speaker_466
1717.0,1719.25,Speaker_186
1719.25,1720.0,Speaker_420
1720.0,1720.75,Speaker_496
1720.75,1728.25,Speaker_399
1728.25,1729.75,Speaker_846
1729.75,1731.25,Speaker_697
1731.25,1736.325,Speaker_579
1736.325,1751.705,Speaker_486
1764.0,1772.25,Speaker_602
1772.25,1773.55,Speaker_181
1774.32,1775.82,Speaker_364
1775.82,1778.07,Speaker_713
1778.07,1778.82,Speaker_938
1778.82,1780.32,Speaker_795
1780.32,1781.82,Speaker_437
1781.82,1792.9099999999999,Speaker_473
1792.9099999999999,1803.25,Speaker_408
1803.25,1808.5,Speaker_754
1808.5,1810.0,Speaker_28
1810.0,1813.75,Speaker_447
1813.75,1815.25,Speaker_28
1815.25,1820.625,Speaker_199
1820.625,1828.7775,Speaker_879
1848.0,1849.5,Speaker_905
1849.5,1850.25,Speaker_223
1850.25,1853.25,Speaker_677
1853.25,1854.75,Speaker_525
1854.75,1856.25,Speaker_805
1856.25,1857.0,Speaker_836
1857.0,1858.5,Speaker_637
1858.5,1860.0,Speaker_265
1860.0,1860.27,Speaker_292
1861.98,1863.48,Speaker_345
1863.48,1866.48,Speaker_742
1866.48,1867.98,Speaker_312
1867.98,1868.73,Speaker_519
1868.73,1871.57,Speaker_939
1874.34,1875.84,Speaker_775
1875.84,1875.89,Speaker_246
1879.4,1881.65,Speaker_401
1881.65,1882.4,Speaker_424
1882.4,1888.58,Speaker_550
1889.18,1889.91,Speaker_672
1895.18,1897.42,Speaker_236
1898.77,1901.01,Speaker_693
1902.66,1904.455,Speaker_484
1904.455,1906.25,Speaker_31
1906.25,1907.0,Speaker_509
1907.0,1907.75,Speaker_425
1907.75,1908.5,Speaker_354
1908.5,1909.04,Speaker_633
1909.7,1910.64,Speaker_439
1911.56,1914.22,Speaker_313
1915.67,1916.76,Speaker_575
1917.85,1919.35,Speaker_632
1919.35,1920.1,Speaker_825
1920.1,1920.85,Speaker_343
1920.85,1928.12,Speaker_371
1933.17,1933.545,Speaker_611
1933.545,1934.67,Speaker_378
1934.67,1935.19,Speaker_340
1935.91,1939.66,Speaker_272
1939.66,1941.16,Speaker_722
1941.16,1943.41,Speaker_835
1943.41,1943.58,Speaker_243
1946.27,1957.52,Speaker_609
1957.52,1958.27,Speaker_346
1958.27,1961.075,Speaker_435
1961.075,1971.575,Speaker_469
1981.13,1983.38,Speaker_573
1983.38,1985.63,Speaker_234
1985.63,1988.315,Speaker_563
1988.315,1990.25,Speaker_62
1990.25,1991.0,Speaker_737
1991.0,1991.75,Speaker_411
1991.75,1994.0,Speaker_925
1994.0,1996.25,Speaker_325
1996.25,1998.5,Speaker_344
1998.5,2000.0,Speaker_504
2000.0,2001.5,Speaker_270
2001.5,2002.25,Speaker_852
2002.25,2006.75,Speaker_247
2006.75,2007.5,Speaker_809
2007.5,2009.0,Speaker_281
2009.0,2010.5,Speaker_352
2010.5,2012.0,Speaker_349
2012.0,2012.75,Speaker_553
2012.75,2014.25,Speaker_574
2014.25,2015.75,Speaker_177
2015.75,2017.0,Speaker_290
2017.0,2018.125,Speaker_761
2018.25,2019.0,Speaker_391
2019.0,2019.75,Speaker_423
2019.75,2021.25,Speaker_793
2021.25,2022.0,Speaker_570
2022.0,2028.0,Speaker_405
2028.0,2031.0,Speaker_549
2031.0,2032.5,Speaker_433
2032.5,2034.75,Speaker_341
2034.75,2037.75,Speaker_370
2037.75,2039.25,Speaker_309
2039.25,2040.0,Speaker_348
2040.0,2041.5,Speaker_429
2041.5,2043.0,Speaker_527
2043.0,2045.0,Speaker_444
2045.0,2047.25,Speaker_215
2048.5,2049.25,Speaker_755
2049.25,2050.75,Speaker_899
2050.75,2051.5,Speaker_559
2051.5,2057.5,Speaker_315
2057.5,2058.25,Speaker_655
2058.25,2071.0,Speaker_721
2071.0,2071.75,Speaker_599
2071.75,2072.25,Speaker_414
2072.25,2073.0,Speaker_476
2073.0,2073.25,Speaker_673
2073.25,2073.795,Speaker_248
2073.795,2076.5,Speaker_156
2076.5,2077.25,Speaker_338
2077.25,2078.75,Speaker_970
2078.75,2079.5,Speaker_379
2079.5,2081.0,Speaker_327
2081.0,2082.5,Speaker_291
2082.5,2084.0,Speaker_418
2084.0,2085.5,Speaker_295
2085.5,2086.25,Speaker_361
2086.25,2086.74,Speaker_366
2087.3,2088.8,Speaker_666
2088.8,2089.55,Speaker_700
2089.55,2089.6000000000004,Speaker_259
2090.7,2092.95,Speaker_394
2092.95,2093.48,Speaker_955
2097.3,2098.6,Speaker_368
2099.17,2100.05,Speaker_511
2108.74,2110.24,Speaker_779
2110.24,2110.46,Speaker_210
2111.06,2114.81,Speaker_1
2114.81,2116.1,Speaker_294
2117.07,2119.32,Speaker_557
2119.32,2120.82,Speaker_369
2120.82,2129.045,Speaker_381
2129.045,2157.045,Speaker_232
2157.045,2162.0,Speaker_909
2162.0,2162.75,Speaker_147
2162.75,2163.5,Speaker_195
2163.5,2164.25,Speaker_912
2164.25,2167.25,Speaker_339
2167.25,2168.0,Speaker_217
2168.0,2168.75,Speaker_200
2168.75,2171.75,Speaker_342
2171.75,2173.25,Speaker_282
2173.25,2174.0,Speaker_694
2174.0,2174.75,Speaker_832
2174.75,2175.5,Speaker_1
2175.5,2177.0,Speaker_873
2177.0,2178.5,Speaker_413
2178.5,2183.0,Speaker_258
2183.0,2183.75,Speaker_462
2183.75,2185.0,Speaker_380
2185.0,2186.125,Speaker_264
2186.25,2192.25,Speaker_436
2192.25,2193.75,Speaker_488
2193.75,2194.5,Speaker_331
2194.5,2198.25,Speaker_491
2198.25,2199.0,Speaker_671
2199.0,2202.45,Speaker_806
2203.96,2213.02,Speaker_454
2213.02,2225.62,Speaker_419
2225.62,2226.37,Speaker_271
2226.37,2229.37,Speaker_268
2229.37,2230.12,Speaker_305
2230.12,2231.62,Speaker_767
2231.62,2232.37,Speaker_971
2232.37,2234.62,Speaker_478
2234.62,2240.98,Speaker_135
2240.98,2243.0,Speaker_501
2243.0,2243.75,Speaker_184
2243.75,2244.5,Speaker_377
2244.5,2244.56,Speaker_155
2247.7,2249.2,Speaker_412
2249.2,2256.7,Speaker_415
2256.7,2257.94,Speaker_154
2258.46,2259.96,Speaker_467
2259.96,2261.46,Speaker_132
2261.46,2262.21,Speaker_255
2262.21,2264.46,Speaker_254
2264.46,2265.96,Speaker_459
2265.96,2266.71,Speaker_307
2266.71,2267.46,Speaker_417
2267.46,2268.48,Speaker_943
2268.48,2269.23,Speaker_387
2269.23,2269.605,Speaker_214
2269.605,2272.23,Speaker_129
2274.75,2275.5,Speaker_409
2275.5,2277.0,Speaker_360
2277.0,2277.27,Speaker_293
2278.06,2280.31,Speaker_653
2280.31,2281.06,Speaker_522
2281.06,2281.81,Speaker_278
2281.81,2287.06,Speaker_347
2287.06,2289.31,Speaker_808
2289.31,2293.06,Speaker_404
2293.06,2293.81,Speaker_807
2293.81,2295.31,Speaker_319
2295.31,2296.4049999999997,Speaker_229
2296.4049999999997,2297.5299999999997,Speaker_11
2297.5299999999997,2301.25,Speaker_2
2301.25,2302.75,Speaker_962
2302.75,2304.25,Speaker_358
2304.25,2305.75,Speaker_402
2305.75,2308.0,Speaker_146
2308.0,2309.5,Speaker_853
2309.5,2309.55,Speaker_107
2310.05,2312.3,Speaker_326
2312.3,2313.8,Speaker_356
2313.8,2314.55,Speaker_171
2314.55,2316.05,Speaker_449
2316.05,2317.55,Speaker_665
2317.55,2318.3,Speaker_172
2318.3,2319.05,Speaker_523
2319.05,2321.3,Speaker_481
2321.3,2322.8,Speaker_298
2322.8,2324.19,Speaker_180
2324.19,2325.315,Speaker_13
2325.315,2325.815,Speaker_279
2325.815,2327.08,Speaker_452
2327.08,2327.83,Speaker_959
2327.83,2328.53,Speaker_786
2329.04,2329.96,Speaker_157
2331.84,2334.84,Speaker_300
2334.84,2336.34,Speaker_189
2336.34,2338.59,Speaker_334
2338.59,2339.34,Speaker_253
2339.34,2348.34,Speaker_397
2348.34,2349.84,Speaker_245
2349.84,2353.02,Speaker_463
2353.02,2353.5,Speaker_657
2353.5,2354.25,Speaker_127
2354.25,2355.0,Speaker_332
2355.0,2358.78,Speaker_316
2358.78,2359.53,Speaker_269
2359.53,2362.36,Speaker_500
2363.58,2365.08,Speaker_333
2365.08,2366.98,Speaker_145
2367.66,2371.41,Speaker_263
2371.41,2372.16,Speaker_426
2372.16,2373.66,Speaker_646
2373.66,2374.99,Speaker_561
2376.18,2377.68,Speaker_192
2377.68,2379.18,Speaker_211
2379.18,2379.93,Speaker_139
2379.93,2381.14,Speaker_224
2381.14,2382.56,Speaker_374
2382.56,2383.31,Speaker_173
2383.31,2384.06,Speaker_169
2384.06,2386.31,Speaker_90
2386.31,2392.31,Speaker_330
2392.31,2393.81,Speaker_261
2393.81,2394.56,Speaker_445
2394.56,2400.56,Speaker_163
2400.56,2401.31,Speaker_572
2401.31,2401.36,Speaker_220
2401.91,2404.16,Speaker_376
2404.16,2407.16,Speaker_594
2407.16,2407.58,Speaker_357
2408.21,2415.135,Speaker_43
2421.23,2424.23,Speaker_595
2424.23,2425.46,Speaker_403
2426.05,2429.05,Speaker_416
2429.05,2429.8,Speaker_471
2429.8,2431.3,Speaker_289
2431.3,2432.8,Speaker_283
2432.8,2433.55,Speaker_208
2433.55,2436.325,Speaker_274
2436.325,2437.075,Speaker_389
2437.075,2437.3,Speaker_321
2437.3,2439.08,Speaker_6
2439.77,2442.02,Speaker_470
2442.02,2442.77,Speaker_257
2442.77,2444.27,Speaker_77
2444.27,2445.77,Speaker_317
2445.77,2446.52,Speaker_209
2446.52,2451.1,Speaker_336
2451.1,2451.85,Speaker_252
2451.85,2452.6,Speaker_190
2452.6,2454.1,Speaker_205
2454.1,2456.35,Speaker_207
2456.35,2457.1,Speaker_443
2457.1,2458.49,Speaker_105
2460.82,2465.035,Speaker_323
2465.035,2467.995,Speaker_213
2470.57,2471.88,Speaker_256
2472.4,2474.65,Speaker_297
2474.65,2476.15,Speaker_222
2476.15,2476.9,Speaker_193
2476.9,2479.15,Speaker_337
2479.15,2481.4,Speaker_457
2481.4,2482.9,Speaker_324
2482.9,2484.4,Speaker_365
2484.4,2485.15,Speaker_951
2485.15,2485.4,Speaker_187
2486.0,2487.5,Speaker_407
2487.5,2491.53,Speaker_262
2495.08,2496.58,Speaker_216
2496.58,2504.08,Speaker_477
2504.08,2504.83,Speaker_967
2504.83,2506.33,Speaker_162
2506.33,2507.83,Speaker_299
2507.83,2509.33,Speaker_141
2517.58,2520.29,Speaker_212
2520.29,2523.2475,Speaker_12
2527.5,2529.0,Speaker_480
2529.0,2539.5,Speaker_552
2539.5,2540.25,Speaker_301
2540.25,2541.75,Speaker_328
2541.75,2542.5,Speaker_280
2542.5,2544.0,Speaker_392
2544.0,2544.75,Speaker_791
2544.75,2546.25,Speaker_144
2546.25,2549.005,Speaker_395
2549.005,2550.13,Speaker_97
2550.26,2551.76,Speaker_202
2551.76,2553.26,Speaker_226
2553.26,2554.01,Speaker_93
2554.01,2568.75,Speaker_534
2568.75,2569.5,Speaker_479
2569.5,2570.25,Speaker_239
2570.25,2571.0,Speaker_201
2571.0,2577.02,Speaker_568
2577.02,2604.84,Speaker_111
2604.84,2606.25,Speaker_286
2606.25,2607.0,Speaker_78
2607.0,2610.75,Speaker_150
2610.75,2611.5,Speaker_350
2611.5,2615.25,Speaker_287
2615.25,2618.25,Speaker_489
2618.25,2619.0,Speaker_249
2619.0,2620.5,Speaker_367
2620.5,2621.25,Speaker_106
2621.25,2621.64,Speaker_393
2622.16,2626.66,Speaker_242
2626.66,2628.16,Speaker_185
2628.16,2629.66,Speaker_104
2629.66,2633.0550000000003,Speaker_203
2633.0550000000003,2634.27,Speaker_227
2634.27,2635.02,Speaker_52
2643.27,2644.02,Speaker_276
2644.02,2644.77,Speaker_73
2644.77,2648.52,Speaker_474
2648.52,2648.7,Speaker_382
2649.91,2652.18,Speaker_225
2652.75,2654.25,Speaker_335
2654.25,2655.75,Speaker_318
2655.75,2656.5,Speaker_231
2656.5,2657.25,Speaker_136
2657.25,2658.07,Speaker_260
2658.82,2660.16,Speaker_92
2660.16,2661.0,Speaker_16
2661.52,2662.61,Speaker_235
2664.36,2667.81,Speaker_196
2669.84,2672.09,Speaker_383
2672.09,2673.59,Speaker_304
2673.59,2675.09,Speaker_176
2675.09,2675.84,Speaker_134
2675.84,2679.59,Speaker_396
2679.59,2681.84,Speaker_359
2681.84,2684.84,Speaker_137
2684.84,2688.295,Speaker_183
2688.295,2689.795,Speaker_40
2689.795,2692.045,Speaker_206
2694.0,2696.25,Speaker_250
2696.25,2698.5,Speaker_191
2698.5,2699.25,Speaker_267
2699.25,2701.5,Speaker_645
2701.5,2704.5,Speaker_204
2704.5,2705.25,Speaker_188
2705.25,2708.89,Speaker_179
2709.99,2712.76,Speaker_240
2713.4,2714.08,Speaker_233
2714.78,2716.88,Speaker_149
2716.88,2719.0,Speaker_170
2719.0,2719.08,Speaker_138
2719.69,2721.94,Speaker_88
2721.94,2731.3,Speaker_130
2731.3,2732.05,Speaker_284
2732.05,2732.8,Speaker_285
2744.775,2745.5,Speaker_230
2745.5,2745.64,Speaker_21
2746.45,2753.2,Speaker_456
2753.2,2754.7,Speaker_152
2754.7,2765.95,Speaker_64
2765.95,2766.7,Speaker_159
2766.7,2772.365,Speaker_182
2772.365,2774.28,Speaker_17
2774.28,2775.03,Speaker_153
2775.03,2779.53,Speaker_81
2779.53,2780.28,Speaker_124
2780.28,2784.78,Speaker_3
2784.78,2785.53,Speaker_219
2785.53,2787.78,Speaker_101
2787.78,2789.28,Speaker_115
2789.28,2790.78,Speaker_95
2790.78,2792.28,Speaker_160
2792.28,2793.03,Speaker_76
2793.03,2796.78,Speaker_75
2796.78,2798.28,Speaker_322
2798.28,2801.0150000000003,Speaker_123
2801.0150000000003,2802.5150000000003,Speaker_143
2803.0,2803.75,Speaker_69
2803.75,2805.25,Speaker_178
2805.25,2812.0,Speaker_475
2812.0,2813.5,Speaker_175
2813.5,2814.25,Speaker_221
2814.25,2816.5,Speaker_133
2816.5,2819.5,Speaker_72
2819.5,2820.25,Speaker_38
2820.25,2823.25,Speaker_131
2823.25,2824.0,Speaker_329
2824.0,2829.0,Speaker_91
2829.0,2844.045,Speaker_228
2856.0,2884.71,Speaker_166
2884.71,2885.42,Speaker_158
2887.25,2888.75,Speaker_103
2888.75,2889.5,Speaker_66
2889.5,2890.25,Speaker_165
2890.25,2895.5,Speaker_116
2899.95,2901.45,Speaker_113
2901.45,2902.95,Speaker_140
2902.95,2904.23,Speaker_85
2904.74,2906.99,Speaker_126
2906.99,2907.74,Speaker_161
2907.74,2912.87,Speaker_34
2912.87,2913.5,Speaker_89
2913.5,2914.37,Speaker_110
2915.0,2915.75,Speaker_94
2915.75,2917.25,Speaker_164
2917.25,2918.75,Speaker_125
2918.75,2919.5,Speaker_483
2919.5,2928.5,Speaker_237
2928.5,2930.0,Speaker_102
2930.0,2930.75,Speaker_45
2930.75,2933.0,Speaker_167
2933.0,2933.75,Speaker_241
2933.75,2936.75,Speaker_99
2936.75,2937.5,Speaker_80
2937.5,2939.0,Speaker_244
2939.0,2939.75,Speaker_118
2939.75,2940.625,Speaker_117
2940.625,2941.375,Speaker_238
2941.375,2941.75,Speaker_122
2941.75,2942.5,Speaker_53
2943.0,2943.75,Speaker_114
2943.75,2944.5,Speaker_83
2944.5,2946.0,Speaker_96
2946.0,2947.5,Speaker_55
2947.5,2948.25,Speaker_44
2948.25,2949.75,Speaker_63
2949.75,2952.75,Speaker_22
2952.75,2954.25,Speaker_26
2954.25,2955.26,Speaker_65
2955.79,2958.04,Speaker_47
2958.04,2959.54,Speaker_142
2959.54,2960.29,Speaker_119
2960.29,2961.79,Speaker_51
2961.79,2963.29,Speaker_112
2963.29,2964.79,Speaker_197
2964.79,2968.92,Speaker_148
2968.92,2969.84,Speaker_59
2970.63,2972.13,Speaker_50
2972.13,2974.38,Speaker_120
2974.38,2975.13,Speaker_70
2975.13,2977.38,Speaker_168
2977.38,2978.13,Speaker_61
2978.13,2979.63,Speaker_74
2979.63,2983.38,Speaker_98
2983.38,2984.88,Speaker_56
2984.88,2985.63,Speaker_86
2985.63,2987.13,Speaker_79
2987.13,2990.13,Speaker_67
2990.13,2990.88,Speaker_46
2990.88,2991.63,Speaker_84
2991.63,2993.13,Speaker_33
2993.13,2994.63,Speaker_39
2994.63,2996.065,Speaker_58
2996.065,2999.2650000000003,Speaker_35
3002.72,3008.38,Speaker_23
3009.15,3010.65,Speaker_57
3010.65,3012.9,Speaker_32
3012.9,3013.65,Speaker_71
3013.65,3014.4,Speaker_37
3014.4,3015.9,Speaker_108
3015.9,3018.9,Speaker_36
3018.9,3019.15,Speaker_82
3020.82,3024.9,Speaker_42
3024.9,3045.4,Speaker_18
3045.4,3046.9,Speaker_109
3046.9,3047.65,Speaker_29
3047.65,3048.4,Speaker_54
3048.4,3052.0950000000003,Speaker_49
3052.0950000000003,3058.1075,Speaker_25
